[
    {
        "model": "accounts.user",
        "fields": {
            "password": "pbkdf2_sha256$320000$2BsTIrakB585ujJ29Hm6Fu$EaflD02L5dK6zpxL6u82niPhLyOHRIgeAT/HJaTTiOo=",
            "last_login": "2022-04-11T11:00:49.008Z",
            "is_superuser": true,
            "username": "admin",
            "first_name": "",
            "last_name": "",
            "email": "",
            "is_staff": true,
            "is_active": true,
            "date_joined": "2022-04-11T11:00:37.351Z",
            "groups": [],
            "user_permissions": []
        }
    },
    {
        "model": "events.state",
        "pk": 1,
        "fields": {
            "name": "Alabama",
            "abbreviation": "AL"
        }
    },
    {
        "model": "events.state",
        "pk": 2,
        "fields": {
            "name": "Alaska",
            "abbreviation": "AK"
        }
    },
    {
        "model": "events.state",
        "pk": 3,
        "fields": {
            "name": "Arizona",
            "abbreviation": "AZ"
        }
    },
    {
        "model": "events.state",
        "pk": 4,
        "fields": {
            "name": "Arkansas",
            "abbreviation": "AR"
        }
    },
    {
        "model": "events.state",
        "pk": 5,
        "fields": {
            "name": "California",
            "abbreviation": "CA"
        }
    },
    {
        "model": "events.state",
        "pk": 6,
        "fields": {
            "name": "Colorado",
            "abbreviation": "CO"
        }
    },
    {
        "model": "events.state",
        "pk": 7,
        "fields": {
            "name": "Connecticut",
            "abbreviation": "CT"
        }
    },
    {
        "model": "events.state",
        "pk": 8,
        "fields": {
            "name": "Delaware",
            "abbreviation": "DE"
        }
    },
    {
        "model": "events.state",
        "pk": 9,
        "fields": {
            "name": "District of Columbia",
            "abbreviation": "DC"
        }
    },
    {
        "model": "events.state",
        "pk": 10,
        "fields": {
            "name": "Florida",
            "abbreviation": "FL"
        }
    },
    {
        "model": "events.state",
        "pk": 11,
        "fields": {
            "name": "Georgia",
            "abbreviation": "GA"
        }
    },
    {
        "model": "events.state",
        "pk": 12,
        "fields": {
            "name": "Hawaii",
            "abbreviation": "HI"
        }
    },
    {
        "model": "events.state",
        "pk": 13,
        "fields": {
            "name": "Idaho",
            "abbreviation": "ID"
        }
    },
    {
        "model": "events.state",
        "pk": 14,
        "fields": {
            "name": "Illinois",
            "abbreviation": "IL"
        }
    },
    {
        "model": "events.state",
        "pk": 15,
        "fields": {
            "name": "Indiana",
            "abbreviation": "IN"
        }
    },
    {
        "model": "events.state",
        "pk": 16,
        "fields": {
            "name": "Iowa",
            "abbreviation": "IA"
        }
    },
    {
        "model": "events.state",
        "pk": 17,
        "fields": {
            "name": "Kansas",
            "abbreviation": "KS"
        }
    },
    {
        "model": "events.state",
        "pk": 18,
        "fields": {
            "name": "Kentucky",
            "abbreviation": "KY"
        }
    },
    {
        "model": "events.state",
        "pk": 19,
        "fields": {
            "name": "Louisiana",
            "abbreviation": "LA"
        }
    },
    {
        "model": "events.state",
        "pk": 20,
        "fields": {
            "name": "Maine",
            "abbreviation": "ME"
        }
    },
    {
        "model": "events.state",
        "pk": 21,
        "fields": {
            "name": "Montana",
            "abbreviation": "MT"
        }
    },
    {
        "model": "events.state",
        "pk": 22,
        "fields": {
            "name": "Nebraska",
            "abbreviation": "NE"
        }
    },
    {
        "model": "events.state",
        "pk": 23,
        "fields": {
            "name": "Nevada",
            "abbreviation": "NV"
        }
    },
    {
        "model": "events.state",
        "pk": 24,
        "fields": {
            "name": "New Hampshire",
            "abbreviation": "NH"
        }
    },
    {
        "model": "events.state",
        "pk": 25,
        "fields": {
            "name": "New Jersey",
            "abbreviation": "NJ"
        }
    },
    {
        "model": "events.state",
        "pk": 26,
        "fields": {
            "name": "New Mexico",
            "abbreviation": "NM"
        }
    },
    {
        "model": "events.state",
        "pk": 27,
        "fields": {
            "name": "New York",
            "abbreviation": "NY"
        }
    },
    {
        "model": "events.state",
        "pk": 28,
        "fields": {
            "name": "North Carolina",
            "abbreviation": "NC"
        }
    },
    {
        "model": "events.state",
        "pk": 29,
        "fields": {
            "name": "North Dakota",
            "abbreviation": "ND"
        }
    },
    {
        "model": "events.state",
        "pk": 30,
        "fields": {
            "name": "Ohio",
            "abbreviation": "OH"
        }
    },
    {
        "model": "events.state",
        "pk": 31,
        "fields": {
            "name": "Oklahoma",
            "abbreviation": "OK"
        }
    },
    {
        "model": "events.state",
        "pk": 32,
        "fields": {
            "name": "Oregon",
            "abbreviation": "OR"
        }
    },
    {
        "model": "events.state",
        "pk": 33,
        "fields": {
            "name": "Maryland",
            "abbreviation": "MD"
        }
    },
    {
        "model": "events.state",
        "pk": 34,
        "fields": {
            "name": "Massachusetts",
            "abbreviation": "MA"
        }
    },
    {
        "model": "events.state",
        "pk": 35,
        "fields": {
            "name": "Michigan",
            "abbreviation": "MI"
        }
    },
    {
        "model": "events.state",
        "pk": 36,
        "fields": {
            "name": "Minnesota",
            "abbreviation": "MN"
        }
    },
    {
        "model": "events.state",
        "pk": 37,
        "fields": {
            "name": "Mississippi",
            "abbreviation": "MS"
        }
    },
    {
        "model": "events.state",
        "pk": 38,
        "fields": {
            "name": "Missouri",
            "abbreviation": "MO"
        }
    },
    {
        "model": "events.state",
        "pk": 39,
        "fields": {
            "name": "Pennsylvania",
            "abbreviation": "PA"
        }
    },
    {
        "model": "events.state",
        "pk": 40,
        "fields": {
            "name": "Rhode Island",
            "abbreviation": "RI"
        }
    },
    {
        "model": "events.state",
        "pk": 41,
        "fields": {
            "name": "South Carolina",
            "abbreviation": "SC"
        }
    },
    {
        "model": "events.state",
        "pk": 42,
        "fields": {
            "name": "South Dakota",
            "abbreviation": "SD"
        }
    },
    {
        "model": "events.state",
        "pk": 43,
        "fields": {
            "name": "Tennessee",
            "abbreviation": "TN"
        }
    },
    {
        "model": "events.state",
        "pk": 44,
        "fields": {
            "name": "Texas",
            "abbreviation": "TX"
        }
    },
    {
        "model": "events.state",
        "pk": 45,
        "fields": {
            "name": "Utah",
            "abbreviation": "UT"
        }
    },
    {
        "model": "events.state",
        "pk": 46,
        "fields": {
            "name": "Vermont",
            "abbreviation": "VT"
        }
    },
    {
        "model": "events.state",
        "pk": 47,
        "fields": {
            "name": "Virginia",
            "abbreviation": "VA"
        }
    },
    {
        "model": "events.state",
        "pk": 48,
        "fields": {
            "name": "Washington",
            "abbreviation": "WA"
        }
    },
    {
        "model": "events.state",
        "pk": 49,
        "fields": {
            "name": "West Virginia",
            "abbreviation": "WV"
        }
    },
    {
        "model": "events.state",
        "pk": 50,
        "fields": {
            "name": "Wisconsin",
            "abbreviation": "WI"
        }
    },
    {
        "model": "events.state",
        "pk": 51,
        "fields": {
            "name": "Wyoming",
            "abbreviation": "WY"
        }
    },
    {
        "model": "events.location",
        "pk": 1,
        "fields": {
            "name": "McCormick Place",
            "city": "Chicago",
            "room_count": 55,
            "created": "2022-04-11T11:25:28.489Z",
            "updated": "2022-04-11T11:25:28.489Z",
            "state": 14
        }
    },
    {
        "model": "events.location",
        "pk": 2,
        "fields": {
            "name": "Orange County Convention Center",
            "city": "Orlando",
            "room_count": 54,
            "created": "2022-04-11T11:25:52.636Z",
            "updated": "2022-04-11T11:25:52.636Z",
            "state": 10
        }
    },
    {
        "model": "events.location",
        "pk": 3,
        "fields": {
            "name": "Las Vegas Convention Center",
            "city": "Las Vegas",
            "room_count": 55,
            "created": "2022-04-11T11:26:08.900Z",
            "updated": "2022-04-11T11:26:08.900Z",
            "state": 23
        }
    },
    {
        "model": "events.location",
        "pk": 4,
        "fields": {
            "name": "Georgia World Congress Center",
            "city": "Altlanta",
            "room_count": 50,
            "created": "2022-04-11T11:26:25.978Z",
            "updated": "2022-04-11T11:26:25.978Z",
            "state": 11
        }
    },
    {
        "model": "events.location",
        "pk": 5,
        "fields": {
            "name": "New Orleans Morial Convention Center",
            "city": "New Orleans",
            "room_count": 52,
            "created": "2022-04-11T11:26:42.465Z",
            "updated": "2022-04-11T11:26:42.465Z",
            "state": 19
        }
    },
    {
        "model": "events.location",
        "pk": 6,
        "fields": {
            "name": "America's Center",
            "city": "St. Louis",
            "room_count": 49,
            "created": "2022-04-11T11:27:00.425Z",
            "updated": "2022-04-11T11:27:00.425Z",
            "state": 38
        }
    },
    {
        "model": "events.location",
        "pk": 7,
        "fields": {
            "name": "San Diego Convention Center",
            "city": "San Diego",
            "room_count": 48,
            "created": "2022-04-11T11:27:15.605Z",
            "updated": "2022-04-11T11:27:15.605Z",
            "state": 5
        }
    },
    {
        "model": "events.location",
        "pk": 8,
        "fields": {
            "name": "Colorado Convention Center",
            "city": "Denver",
            "room_count": 47,
            "created": "2022-04-11T11:27:31.906Z",
            "updated": "2022-04-11T11:27:31.906Z",
            "state": 6
        }
    },
    {
        "model": "events.location",
        "pk": 9,
        "fields": {
            "name": "Music City Center",
            "city": "Nashville",
            "room_count": 44,
            "created": "2022-04-11T11:27:43.328Z",
            "updated": "2022-04-11T11:27:43.328Z",
            "state": 43
        }
    },
    {
        "model": "events.location",
        "pk": 10,
        "fields": {
            "name": "Kay Bailey Hutchison Convention Center",
            "city": "Dallas",
            "room_count": 48,
            "created": "2022-04-11T11:28:03Z",
            "updated": "2022-04-11T11:28:03Z",
            "state": 44
        }
    },
    {
        "model": "events.location",
        "pk": 11,
        "fields": {
            "name": "Moscone Convention Center",
            "city": "San Francisco",
            "room_count": 40,
            "created": "2022-04-11T11:28:17.118Z",
            "updated": "2022-04-11T11:28:17.118Z",
            "state": 5
        }
    },
    {
        "model": "events.location",
        "pk": 12,
        "fields": {
            "name": "Charlotte Convention Center",
            "city": "Charlotte",
            "room_count": 33,
            "created": "2022-04-11T11:28:37.233Z",
            "updated": "2022-04-11T11:28:37.233Z",
            "state": 28
        }
    },
    {
        "model": "events.location",
        "pk": 13,
        "fields": {
            "name": "Tampa Convention Center",
            "city": "Tampa",
            "room_count": 33,
            "created": "2022-04-11T11:28:48.119Z",
            "updated": "2022-04-11T11:28:48.119Z",
            "state": 10
        }
    },
    {
        "model": "events.location",
        "pk": 14,
        "fields": {
            "name": "Hynes Convention Center",
            "city": "Boston",
            "room_count": 30,
            "created": "2022-04-11T11:29:00.367Z",
            "updated": "2022-04-11T11:29:00.367Z",
            "state": 34
        }
    },
    {
        "model": "events.location",
        "pk": 15,
        "fields": {
            "name": "Wisconsin Center",
            "city": "Milwaukee",
            "room_count": 29,
            "created": "2022-04-11T11:29:21.428Z",
            "updated": "2022-04-11T11:29:21.428Z",
            "state": 50
        }
    },
    {
        "model": "events.location",
        "pk": 16,
        "fields": {
            "name": "Roland E. Powell Convention Center",
            "city": "Ocean City",
            "room_count": 28,
            "created": "2022-04-11T11:29:37.738Z",
            "updated": "2022-04-11T11:29:37.738Z",
            "state": 33
        }
    },
    {
        "model": "events.conference",
        "pk": 1,
        "fields": {
            "name": "Oracle Developer Live",
            "starts": "2022-03-22T00:00:00Z",
            "ends": "2022-03-24T23:59:59Z",
            "description": "Oracle Developer Live is a series of free virtual events that feature keynotes, technical sessions, hands-on labs, demos, and panels and participation in a live Q&A with experts. Subject matter experts from the Java Platform Group at Oracle will deliver technical content that helps developers create the next generation of rich, scalable, and secure enterprise applications for a wide variety of environments.",
            "created": "2022-04-11T11:32:05.303Z",
            "updated": "2022-04-11T11:34:06.152Z",
            "max_presentations": 100,
            "max_attendees": 15000,
            "location": 11
        }
    },
    {
        "model": "events.conference",
        "pk": 2,
        "fields": {
            "name": "Microsoft Ignite",
            "starts": "2022-04-21T00:00:00Z",
            "ends": "2022-04-24T23:59:59Z",
            "description": "The Microsoft Ignite conference is Microsoft’s annual meeting specifically for enterprise professionals, services, and products Ignite offers its 25,000+ attendees priority access to technical training, new and innovative tools, and opportunities to network with peers and experts in the tech community.",
            "created": "2022-04-11T11:32:59.035Z",
            "updated": "2022-04-11T11:34:11.825Z",
            "max_presentations": 140,
            "max_attendees": 30000,
            "location": 4
        }
    },
    {
        "model": "events.conference",
        "pk": 3,
        "fields": {
            "name": "DEVintersection",
            "starts": "2022-04-05T00:00:00Z",
            "ends": "2022-04-07T23:59:59Z",
            "description": "DEVintersection is an annual conference led by top Microsoft experts as they dive deep into new software developments and its intersection with technology. Featuring 100+ in-depth sessions presented by Microsoft engineers and other industry leaders, the 2022 conference will cover topics such as Azure, SQL Server, AI, Big Data, Machine Learning, and more.",
            "created": "2022-04-11T11:34:00.678Z",
            "updated": "2022-04-11T11:34:00.678Z",
            "max_presentations": 120,
            "max_attendees": 25000,
            "location": 9
        }
    },
    {
        "model": "events.conference",
        "pk": 4,
        "fields": {
            "name": "DrupalCon",
            "starts": "2022-04-25T00:00:00Z",
            "ends": "2022-04-28T23:59:59Z",
            "description": "DrupalCon is the international educational event that unites the people who use, develop, design and support the Drupal platform. It is the premiere conference to hone your Drupal skills, connect with the community, and learn about the future of web technologies happening with Drupal.",
            "created": "2022-04-11T11:34:49.911Z",
            "updated": "2022-04-11T11:34:49.911Z",
            "max_presentations": 80,
            "max_attendees": 10000,
            "location": 10
        }
    },
    {
        "model": "events.conference",
        "pk": 5,
        "fields": {
            "name": "UXDX 2022",
            "starts": "2022-05-24T00:00:00Z",
            "ends": "2022-05-26T23:59:59Z",
            "description": "UXDX, the fastest-growing product development conference in Europe, is hosting its inaugural UXDX USA conference in May 2022 along with events in APAC in June and EMEA in October. The mission of UXDX USA is to deliver real change in teams, helping you take a full-systems view of software development.",
            "created": "2022-04-11T11:35:41.141Z",
            "updated": "2022-04-11T11:35:41.141Z",
            "max_presentations": 60,
            "max_attendees": 10000,
            "location": 3
        }
    },
    {
        "model": "events.conference",
        "pk": 6,
        "fields": {
            "name": "Open Source Summit",
            "starts": "2022-06-21T00:00:00Z",
            "ends": "2022-06-24T23:59:59Z",
            "description": "Open Source Summit is North America and Europe’s premier vendor-neutral conference for open source developers and technologists to collaborate, share information, and learn about the latest technologies and innovations across open source.",
            "created": "2022-04-11T11:36:21.783Z",
            "updated": "2022-04-11T11:36:21.783Z",
            "max_presentations": 80,
            "max_attendees": 8000,
            "location": 7
        }
    },
    {
        "model": "events.conference",
        "pk": 7,
        "fields": {
            "name": "DevOpsCon",
            "starts": "2022-09-27T00:00:00Z",
            "ends": "2022-09-30T23:59:59Z",
            "description": "DevOps Con is noted as “The Conference” for Continuous Delivery, Microservices, Docker, Clouds, and Lean Business. DevOps Con is held in both German and English. This year’s event is again hybrid, so it’s your choice whether to attend online or in person in New York.",
            "created": "2022-04-11T11:36:56.878Z",
            "updated": "2022-04-11T11:36:56.878Z",
            "max_presentations": 60,
            "max_attendees": 8000,
            "location": 13
        }
    },
    {
        "model": "presentations.status",
        "pk": 1,
        "fields": {
            "name": "SUBMITTED"
        }
    },
    {
        "model": "presentations.status",
        "pk": 2,
        "fields": {
            "name": "APPROVED"
        }
    },
    {
        "model": "presentations.status",
        "pk": 3,
        "fields": {
            "name": "REJECTED"
        }
    },
    {
        "model": "admin.logentry",
        "pk": 1,
        "fields": {
            "action_time": "2022-04-11T11:25:28.490Z",
            "user": 1,
            "content_type": 5,
            "object_id": "1",
            "object_repr": "McCormick Place",
            "action_flag": 1,
            "change_message": "[{\"added\": {}}]"
        }
    },
    {
        "model": "admin.logentry",
        "pk": 2,
        "fields": {
            "action_time": "2022-04-11T11:25:52.637Z",
            "user": 1,
            "content_type": 5,
            "object_id": "2",
            "object_repr": "Orange County Convention Center",
            "action_flag": 1,
            "change_message": "[{\"added\": {}}]"
        }
    },
    {
        "model": "admin.logentry",
        "pk": 3,
        "fields": {
            "action_time": "2022-04-11T11:26:08.900Z",
            "user": 1,
            "content_type": 5,
            "object_id": "3",
            "object_repr": "Las Vegas Convention Center",
            "action_flag": 1,
            "change_message": "[{\"added\": {}}]"
        }
    },
    {
        "model": "admin.logentry",
        "pk": 4,
        "fields": {
            "action_time": "2022-04-11T11:26:25.979Z",
            "user": 1,
            "content_type": 5,
            "object_id": "4",
            "object_repr": "Georgia World Congress Center",
            "action_flag": 1,
            "change_message": "[{\"added\": {}}]"
        }
    },
    {
        "model": "admin.logentry",
        "pk": 5,
        "fields": {
            "action_time": "2022-04-11T11:26:42.465Z",
            "user": 1,
            "content_type": 5,
            "object_id": "5",
            "object_repr": "New Orleans Morial Convention Center",
            "action_flag": 1,
            "change_message": "[{\"added\": {}}]"
        }
    },
    {
        "model": "admin.logentry",
        "pk": 6,
        "fields": {
            "action_time": "2022-04-11T11:27:00.426Z",
            "user": 1,
            "content_type": 5,
            "object_id": "6",
            "object_repr": "America's Center",
            "action_flag": 1,
            "change_message": "[{\"added\": {}}]"
        }
    },
    {
        "model": "admin.logentry",
        "pk": 7,
        "fields": {
            "action_time": "2022-04-11T11:27:15.605Z",
            "user": 1,
            "content_type": 5,
            "object_id": "7",
            "object_repr": "San Diego Convention Center",
            "action_flag": 1,
            "change_message": "[{\"added\": {}}]"
        }
    },
    {
        "model": "admin.logentry",
        "pk": 8,
        "fields": {
            "action_time": "2022-04-11T11:27:31.907Z",
            "user": 1,
            "content_type": 5,
            "object_id": "8",
            "object_repr": "Colorado Convention Center",
            "action_flag": 1,
            "change_message": "[{\"added\": {}}]"
        }
    },
    {
        "model": "admin.logentry",
        "pk": 9,
        "fields": {
            "action_time": "2022-04-11T11:27:43.329Z",
            "user": 1,
            "content_type": 5,
            "object_id": "9",
            "object_repr": "Music City Center",
            "action_flag": 1,
            "change_message": "[{\"added\": {}}]"
        }
    },
    {
        "model": "admin.logentry",
        "pk": 10,
        "fields": {
            "action_time": "2022-04-11T11:28:03Z",
            "user": 1,
            "content_type": 5,
            "object_id": "10",
            "object_repr": "Kay Bailey Hutchison Convention Center",
            "action_flag": 1,
            "change_message": "[{\"added\": {}}]"
        }
    },
    {
        "model": "admin.logentry",
        "pk": 11,
        "fields": {
            "action_time": "2022-04-11T11:28:17.119Z",
            "user": 1,
            "content_type": 5,
            "object_id": "11",
            "object_repr": "Moscone Convention Center",
            "action_flag": 1,
            "change_message": "[{\"added\": {}}]"
        }
    },
    {
        "model": "admin.logentry",
        "pk": 12,
        "fields": {
            "action_time": "2022-04-11T11:28:37.234Z",
            "user": 1,
            "content_type": 5,
            "object_id": "12",
            "object_repr": "Charlotte Convention Center",
            "action_flag": 1,
            "change_message": "[{\"added\": {}}]"
        }
    },
    {
        "model": "admin.logentry",
        "pk": 13,
        "fields": {
            "action_time": "2022-04-11T11:28:48.120Z",
            "user": 1,
            "content_type": 5,
            "object_id": "13",
            "object_repr": "Tampa Convention Center",
            "action_flag": 1,
            "change_message": "[{\"added\": {}}]"
        }
    },
    {
        "model": "admin.logentry",
        "pk": 14,
        "fields": {
            "action_time": "2022-04-11T11:29:00.368Z",
            "user": 1,
            "content_type": 5,
            "object_id": "14",
            "object_repr": "Hynes Convention Center",
            "action_flag": 1,
            "change_message": "[{\"added\": {}}]"
        }
    },
    {
        "model": "admin.logentry",
        "pk": 15,
        "fields": {
            "action_time": "2022-04-11T11:29:21.429Z",
            "user": 1,
            "content_type": 5,
            "object_id": "15",
            "object_repr": "Wisconsin Center",
            "action_flag": 1,
            "change_message": "[{\"added\": {}}]"
        }
    },
    {
        "model": "admin.logentry",
        "pk": 16,
        "fields": {
            "action_time": "2022-04-11T11:29:37.739Z",
            "user": 1,
            "content_type": 5,
            "object_id": "16",
            "object_repr": "Roland E. Powell Convention Center",
            "action_flag": 1,
            "change_message": "[{\"added\": {}}]"
        }
    },
    {
        "model": "admin.logentry",
        "pk": 17,
        "fields": {
            "action_time": "2022-04-11T11:32:05.304Z",
            "user": 1,
            "content_type": 6,
            "object_id": "1",
            "object_repr": "Oracle Developer Live",
            "action_flag": 1,
            "change_message": "[{\"added\": {}}]"
        }
    },
    {
        "model": "admin.logentry",
        "pk": 18,
        "fields": {
            "action_time": "2022-04-11T11:32:59.036Z",
            "user": 1,
            "content_type": 6,
            "object_id": "2",
            "object_repr": "Microsoft Ignite",
            "action_flag": 1,
            "change_message": "[{\"added\": {}}]"
        }
    },
    {
        "model": "admin.logentry",
        "pk": 19,
        "fields": {
            "action_time": "2022-04-11T11:34:00.679Z",
            "user": 1,
            "content_type": 6,
            "object_id": "3",
            "object_repr": "DEVintersection",
            "action_flag": 1,
            "change_message": "[{\"added\": {}}]"
        }
    },
    {
        "model": "admin.logentry",
        "pk": 20,
        "fields": {
            "action_time": "2022-04-11T11:34:06.153Z",
            "user": 1,
            "content_type": 6,
            "object_id": "1",
            "object_repr": "Oracle Developer Live",
            "action_flag": 2,
            "change_message": "[{\"changed\": {\"fields\": [\"Max presentations\"]}}]"
        }
    },
    {
        "model": "admin.logentry",
        "pk": 21,
        "fields": {
            "action_time": "2022-04-11T11:34:11.826Z",
            "user": 1,
            "content_type": 6,
            "object_id": "2",
            "object_repr": "Microsoft Ignite",
            "action_flag": 2,
            "change_message": "[{\"changed\": {\"fields\": [\"Max presentations\"]}}]"
        }
    },
    {
        "model": "admin.logentry",
        "pk": 22,
        "fields": {
            "action_time": "2022-04-11T11:34:49.912Z",
            "user": 1,
            "content_type": 6,
            "object_id": "4",
            "object_repr": "DrupalCon",
            "action_flag": 1,
            "change_message": "[{\"added\": {}}]"
        }
    },
    {
        "model": "admin.logentry",
        "pk": 23,
        "fields": {
            "action_time": "2022-04-11T11:35:41.142Z",
            "user": 1,
            "content_type": 6,
            "object_id": "5",
            "object_repr": "UXDX 2022",
            "action_flag": 1,
            "change_message": "[{\"added\": {}}]"
        }
    },
    {
        "model": "admin.logentry",
        "pk": 24,
        "fields": {
            "action_time": "2022-04-11T11:36:21.784Z",
            "user": 1,
            "content_type": 6,
            "object_id": "6",
            "object_repr": "Open Source Summit",
            "action_flag": 1,
            "change_message": "[{\"added\": {}}]"
        }
    },
    {
        "model": "admin.logentry",
        "pk": 25,
        "fields": {
            "action_time": "2022-04-11T11:36:56.879Z",
            "user": 1,
            "content_type": 6,
            "object_id": "7",
            "object_repr": "DevOpsCon",
            "action_flag": 1,
            "change_message": "[{\"added\": {}}]"
        }
    },
    {
        "model": "auth.permission",
        "fields": {
            "name": "Can add user",
            "content_type": 1,
            "codename": "add_user"
        }
    },
    {
        "model": "auth.permission",
        "fields": {
            "name": "Can change user",
            "content_type": 1,
            "codename": "change_user"
        }
    },
    {
        "model": "auth.permission",
        "fields": {
            "name": "Can delete user",
            "content_type": 1,
            "codename": "delete_user"
        }
    },
    {
        "model": "auth.permission",
        "fields": {
            "name": "Can view user",
            "content_type": 1,
            "codename": "view_user"
        }
    },
    {
        "model": "auth.permission",
        "fields": {
            "name": "Can add attendee",
            "content_type": 2,
            "codename": "add_attendee"
        }
    },
    {
        "model": "auth.permission",
        "fields": {
            "name": "Can change attendee",
            "content_type": 2,
            "codename": "change_attendee"
        }
    },
    {
        "model": "auth.permission",
        "fields": {
            "name": "Can delete attendee",
            "content_type": 2,
            "codename": "delete_attendee"
        }
    },
    {
        "model": "auth.permission",
        "fields": {
            "name": "Can view attendee",
            "content_type": 2,
            "codename": "view_attendee"
        }
    },
    {
        "model": "auth.permission",
        "fields": {
            "name": "Can add badge",
            "content_type": 3,
            "codename": "add_badge"
        }
    },
    {
        "model": "auth.permission",
        "fields": {
            "name": "Can change badge",
            "content_type": 3,
            "codename": "change_badge"
        }
    },
    {
        "model": "auth.permission",
        "fields": {
            "name": "Can delete badge",
            "content_type": 3,
            "codename": "delete_badge"
        }
    },
    {
        "model": "auth.permission",
        "fields": {
            "name": "Can view badge",
            "content_type": 3,
            "codename": "view_badge"
        }
    },
    {
        "model": "auth.permission",
        "fields": {
            "name": "Can add state",
            "content_type": 4,
            "codename": "add_state"
        }
    },
    {
        "model": "auth.permission",
        "fields": {
            "name": "Can change state",
            "content_type": 4,
            "codename": "change_state"
        }
    },
    {
        "model": "auth.permission",
        "fields": {
            "name": "Can delete state",
            "content_type": 4,
            "codename": "delete_state"
        }
    },
    {
        "model": "auth.permission",
        "fields": {
            "name": "Can view state",
            "content_type": 4,
            "codename": "view_state"
        }
    },
    {
        "model": "auth.permission",
        "fields": {
            "name": "Can add location",
            "content_type": 5,
            "codename": "add_location"
        }
    },
    {
        "model": "auth.permission",
        "fields": {
            "name": "Can change location",
            "content_type": 5,
            "codename": "change_location"
        }
    },
    {
        "model": "auth.permission",
        "fields": {
            "name": "Can delete location",
            "content_type": 5,
            "codename": "delete_location"
        }
    },
    {
        "model": "auth.permission",
        "fields": {
            "name": "Can view location",
            "content_type": 5,
            "codename": "view_location"
        }
    },
    {
        "model": "auth.permission",
        "fields": {
            "name": "Can add conference",
            "content_type": 6,
            "codename": "add_conference"
        }
    },
    {
        "model": "auth.permission",
        "fields": {
            "name": "Can change conference",
            "content_type": 6,
            "codename": "change_conference"
        }
    },
    {
        "model": "auth.permission",
        "fields": {
            "name": "Can delete conference",
            "content_type": 6,
            "codename": "delete_conference"
        }
    },
    {
        "model": "auth.permission",
        "fields": {
            "name": "Can view conference",
            "content_type": 6,
            "codename": "view_conference"
        }
    },
    {
        "model": "auth.permission",
        "fields": {
            "name": "Can add status",
            "content_type": 7,
            "codename": "add_status"
        }
    },
    {
        "model": "auth.permission",
        "fields": {
            "name": "Can change status",
            "content_type": 7,
            "codename": "change_status"
        }
    },
    {
        "model": "auth.permission",
        "fields": {
            "name": "Can delete status",
            "content_type": 7,
            "codename": "delete_status"
        }
    },
    {
        "model": "auth.permission",
        "fields": {
            "name": "Can view status",
            "content_type": 7,
            "codename": "view_status"
        }
    },
    {
        "model": "auth.permission",
        "fields": {
            "name": "Can add presentation",
            "content_type": 8,
            "codename": "add_presentation"
        }
    },
    {
        "model": "auth.permission",
        "fields": {
            "name": "Can change presentation",
            "content_type": 8,
            "codename": "change_presentation"
        }
    },
    {
        "model": "auth.permission",
        "fields": {
            "name": "Can delete presentation",
            "content_type": 8,
            "codename": "delete_presentation"
        }
    },
    {
        "model": "auth.permission",
        "fields": {
            "name": "Can view presentation",
            "content_type": 8,
            "codename": "view_presentation"
        }
    },
    {
        "model": "auth.permission",
        "fields": {
            "name": "Can add log entry",
            "content_type": 9,
            "codename": "add_logentry"
        }
    },
    {
        "model": "auth.permission",
        "fields": {
            "name": "Can change log entry",
            "content_type": 9,
            "codename": "change_logentry"
        }
    },
    {
        "model": "auth.permission",
        "fields": {
            "name": "Can delete log entry",
            "content_type": 9,
            "codename": "delete_logentry"
        }
    },
    {
        "model": "auth.permission",
        "fields": {
            "name": "Can view log entry",
            "content_type": 9,
            "codename": "view_logentry"
        }
    },
    {
        "model": "auth.permission",
        "fields": {
            "name": "Can add permission",
            "content_type": 10,
            "codename": "add_permission"
        }
    },
    {
        "model": "auth.permission",
        "fields": {
            "name": "Can change permission",
            "content_type": 10,
            "codename": "change_permission"
        }
    },
    {
        "model": "auth.permission",
        "fields": {
            "name": "Can delete permission",
            "content_type": 10,
            "codename": "delete_permission"
        }
    },
    {
        "model": "auth.permission",
        "fields": {
            "name": "Can view permission",
            "content_type": 10,
            "codename": "view_permission"
        }
    },
    {
        "model": "auth.permission",
        "fields": {
            "name": "Can add group",
            "content_type": 11,
            "codename": "add_group"
        }
    },
    {
        "model": "auth.permission",
        "fields": {
            "name": "Can change group",
            "content_type": 11,
            "codename": "change_group"
        }
    },
    {
        "model": "auth.permission",
        "fields": {
            "name": "Can delete group",
            "content_type": 11,
            "codename": "delete_group"
        }
    },
    {
        "model": "auth.permission",
        "fields": {
            "name": "Can view group",
            "content_type": 11,
            "codename": "view_group"
        }
    },
    {
        "model": "auth.permission",
        "fields": {
            "name": "Can add content type",
            "content_type": 12,
            "codename": "add_contenttype"
        }
    },
    {
        "model": "auth.permission",
        "fields": {
            "name": "Can change content type",
            "content_type": 12,
            "codename": "change_contenttype"
        }
    },
    {
        "model": "auth.permission",
        "fields": {
            "name": "Can delete content type",
            "content_type": 12,
            "codename": "delete_contenttype"
        }
    },
    {
        "model": "auth.permission",
        "fields": {
            "name": "Can view content type",
            "content_type": 12,
            "codename": "view_contenttype"
        }
    },
    {
        "model": "auth.permission",
        "fields": {
            "name": "Can add session",
            "content_type": 13,
            "codename": "add_session"
        }
    },
    {
        "model": "auth.permission",
        "fields": {
            "name": "Can change session",
            "content_type": 13,
            "codename": "change_session"
        }
    },
    {
        "model": "auth.permission",
        "fields": {
            "name": "Can delete session",
            "content_type": 13,
            "codename": "delete_session"
        }
    },
    {
        "model": "auth.permission",
        "fields": {
            "name": "Can view session",
            "content_type": 13,
            "codename": "view_session"
        }
    },
    {
        "model": "contenttypes.contenttype",
        "fields": {
            "app_label": "accounts",
            "model": "user"
        }
    },
    {
        "model": "contenttypes.contenttype",
        "fields": {
            "app_label": "attendees",
            "model": "attendee"
        }
    },
    {
        "model": "contenttypes.contenttype",
        "fields": {
            "app_label": "attendees",
            "model": "badge"
        }
    },
    {
        "model": "contenttypes.contenttype",
        "fields": {
            "app_label": "events",
            "model": "state"
        }
    },
    {
        "model": "contenttypes.contenttype",
        "fields": {
            "app_label": "events",
            "model": "location"
        }
    },
    {
        "model": "contenttypes.contenttype",
        "fields": {
            "app_label": "events",
            "model": "conference"
        }
    },
    {
        "model": "contenttypes.contenttype",
        "fields": {
            "app_label": "presentations",
            "model": "status"
        }
    },
    {
        "model": "contenttypes.contenttype",
        "fields": {
            "app_label": "presentations",
            "model": "presentation"
        }
    },
    {
        "model": "contenttypes.contenttype",
        "fields": {
            "app_label": "admin",
            "model": "logentry"
        }
    },
    {
        "model": "contenttypes.contenttype",
        "fields": {
            "app_label": "auth",
            "model": "permission"
        }
    },
    {
        "model": "contenttypes.contenttype",
        "fields": {
            "app_label": "auth",
            "model": "group"
        }
    },
    {
        "model": "contenttypes.contenttype",
        "fields": {
            "app_label": "contenttypes",
            "model": "contenttype"
        }
    },
    {
        "model": "contenttypes.contenttype",
        "fields": {
            "app_label": "sessions",
            "model": "session"
        }
    },
    {
        "model": "sessions.session",
        "pk": "ianvxef54ni5u9iy6zx5b5ae7de4fev0",
        "fields": {
            "session_data": ".eJxVjEEOwiAQRe_C2pBCgaEu3fcMzQwzStVAUtqV8e7apAvd_vfef6kJtzVPW5NlmlmdlVGn340wPaTsgO9YblWnWtZlJr0r-qBNj5XleTncv4OMLX9rsa5zCYCSwxCufUdEAiaYOIAxIL0n8lFSQAEckF1MbK01HqxjEFbvD-OdN_8:1ndrmr:JMV7RVV4emZIjp1p_6rr7Wsj9q69sZvPktwd_WItJrI",
            "expire_date": "2022-04-25T11:00:49.010Z"
        }
    }
]